sequence,date,event,event1,event2,date_formatted
0,2000-11-17,UFC 28: High Stakes,UFC 28: High Stakes,,"November 17, 2000"
1,2000-12-16,UFC 29: Defense of the Belts,UFC 29: Defense of the Belts,,"December 16, 2000"
2,2001-02-23,UFC 30: Battle on the Boardwalk,UFC 30: Battle on the Boardwalk,,"February 23, 2001"
3,2001-05-04,UFC 31: Locked and Loaded,UFC 31: Locked and Loaded,,"May 04, 2001"
4,2001-06-29,UFC 32: Showdown in the Meadowlands,UFC 32: Showdown in the Meadowlands,,"June 29, 2001"
5,2001-09-28,UFC 33: Victory in Vegas,UFC 33: Victory in Vegas,,"September 28, 2001"
6,2001-11-02,UFC 34: High Voltage,UFC 34: High Voltage,,"November 02, 2001"
7,2002-01-11,UFC 35: Throwdown,UFC 35: Throwdown,,"January 11, 2002"
8,2002-03-22,UFC 36: Worlds Collide,UFC 36: Worlds Collide,,"March 22, 2002"
9,2002-05-10,UFC 37: High Impact,UFC 37: High Impact,,"May 10, 2002"
10,2002-06-22,UFC 37.5: As Real As It Gets,UFC 37.5: As Real As It Gets,,"June 22, 2002"
11,2002-07-13,UFC 38: Brawl at the Hall,UFC 38: Brawl at the Hall,,"July 13, 2002"
12,2002-09-27,UFC 39: The Warriors Return,UFC 39: The Warriors Return,,"September 27, 2002"
13,2002-11-22,UFC 40: Vendetta,UFC 40: Vendetta,,"November 22, 2002"
14,2003-02-28,UFC 41: Onslaught,UFC 41: Onslaught,,"February 28, 2003"
15,2003-04-25,UFC 42: Sudden Impact,UFC 42: Sudden Impact,,"April 25, 2003"
16,2003-06-06,UFC 43: Meltdown,UFC 43: Meltdown,,"June 06, 2003"
17,2003-09-26,UFC 44: Undisputed,UFC 44: Undisputed,,"September 26, 2003"
18,2003-11-21,UFC 45: Revolution,UFC 45: Revolution,,"November 21, 2003"
19,2004-01-31,UFC 46: Supernatural,UFC 46: Supernatural,,"January 31, 2004"
20,2004-04-02,UFC 47: It's On!,UFC 47: It's On!,,"April 02, 2004"
21,2004-06-19,UFC 48: Payback,UFC 48: Payback,,"June 19, 2004"
22,2004-08-21,UFC 49: Unfinished Business,UFC 49: Unfinished Business,,"August 21, 2004"
23,2004-10-22,UFC 50: The War of '04,UFC 50: The War of '04,,"October 22, 2004"
24,2005-02-05,UFC 51: Super Saturday,UFC 51: Super Saturday,,"February 05, 2005"
25,2005-04-09,The Ultimate Fighter: Team Couture vs. Team Liddell Finale,The Ultimate Fighter: Team Couture vs. Team Liddell Finale,,"April 09, 2005"
26,2005-04-16,UFC 52: Couture vs. Liddell,UFC 52: Couture vs. Liddell,,"April 16, 2005"
27,2005-06-04,UFC 53: Heavy Hitters,UFC 53: Heavy Hitters,,"June 04, 2005"
28,2005-08-06,UFC Ultimate Fight Night,UFC Ultimate Fight Night,,"August 06, 2005"
29,2005-08-20,UFC 54: Boiling Point,UFC 54: Boiling Point,,"August 20, 2005"
30,2005-10-03,UFC Ultimate Fight Night 2,UFC Ultimate Fight Night 2,,"October 03, 2005"
31,2005-10-07,UFC 55: Fury,UFC 55: Fury,,"October 07, 2005"
32,2005-11-05,The Ultimate Fighter: Team Hughes vs. Team Franklin Finale,The Ultimate Fighter: Team Hughes vs. Team Franklin Finale,,"November 05, 2005"
33,2005-11-19,UFC 56: Full Force,UFC 56: Full Force,,"November 19, 2005"
34,2006-01-16,UFC Ultimate Fight Night 3,UFC Ultimate Fight Night 3,,"January 16, 2006"
35,2006-02-04,UFC 57: Liddell vs. Couture 3,UFC 57: Liddell vs. Couture 3,,"February 04, 2006"
36,2006-03-04,UFC 58: USA vs. Canada,UFC 58: USA vs. Canada,,"March 04, 2006"
37,2006-04-06,UFC Ultimate Fight Night 4,UFC Ultimate Fight Night 4,,"April 06, 2006"
38,2006-04-15,UFC 59: Reality Check,UFC 59: Reality Check,,"April 15, 2006"
39,2006-05-27,UFC 60: Hughes vs. Gracie,UFC 60: Hughes vs. Gracie,,"May 27, 2006"
40,2006-06-24,The Ultimate Fighter: Team Ortiz vs. Team Shamrock Finale,The Ultimate Fighter: Team Ortiz vs. Team Shamrock Finale,,"June 24, 2006"
41,2006-06-28,UFC Ultimate Fight Night 5,UFC Ultimate Fight Night 5,,"June 28, 2006"
42,2006-07-08,UFC 61: Bitter Rivals,UFC 61: Bitter Rivals,,"July 08, 2006"
43,2006-08-17,UFC Fight Night 6,UFC Fight Night 6,,"August 17, 2006"
44,2006-08-26,UFC 62: Liddell vs. Sobral,UFC 62: Liddell vs. Sobral,,"August 26, 2006"
45,2006-09-23,UFC 63: Hughes vs. Penn,UFC 63: Hughes vs. Penn,,"September 23, 2006"
46,2006-10-10,UFC Fight Night 6.5,UFC Fight Night 6.5,,"October 10, 2006"
47,2006-10-14,UFC 64: Unstoppable,UFC 64: Unstoppable,,"October 14, 2006"
48,2006-11-11,The Ultimate Fighter: The Comeback Finale,The Ultimate Fighter: The Comeback Finale,,"November 11, 2006"
49,2006-11-18,UFC 65: Bad Intentions,UFC 65: Bad Intentions,,"November 18, 2006"
50,2006-12-13,UFC Fight Night: Sanchez vs. Riggs,UFC Fight Night: Sanchez vs. Riggs,,"December 13, 2006"
51,2006-12-30,UFC 66: Liddell vs. Ortiz,UFC 66: Liddell vs. Ortiz,,"December 30, 2006"
52,2007-01-25,UFC Fight Night: Evans vs. Salmon,UFC Fight Night: Evans vs. Salmon,,"January 25, 2007"
53,2007-02-03,UFC 67: All or Nothing,UFC 67: All or Nothing,,"February 03, 2007"
54,2007-03-03,UFC 68: The Uprising,UFC 68: The Uprising,,"March 03, 2007"
55,2007-04-05,UFC Fight Night: Stevenson vs. Guillard,UFC Fight Night: Stevenson vs. Guillard,,"April 05, 2007"
56,2007-04-07,UFC 69: Shootout,UFC 69: Shootout,,"April 07, 2007"
57,2007-04-21,UFC 70: Nations Collide,UFC 70: Nations Collide,,"April 21, 2007"
58,2007-05-26,UFC 71: Liddell vs. Jackson,UFC 71: Liddell vs. Jackson,,"May 26, 2007"
59,2007-06-12,UFC Fight Night: Stout vs. Fisher,UFC Fight Night: Stout vs. Fisher,,"June 12, 2007"
60,2007-06-16,UFC 72: Victory,UFC 72: Victory,,"June 16, 2007"
61,2007-06-23,The Ultimate Fighter: Team Pulver vs. Team Penn Finale,The Ultimate Fighter: Team Pulver vs. Team Penn Finale,,"June 23, 2007"
62,2007-07-07,UFC 73: Stacked,UFC 73: Stacked,,"July 07, 2007"
63,2007-08-25,UFC 74: Respect,UFC 74: Respect,,"August 25, 2007"
64,2007-09-08,UFC 75: Champion vs. Champion,UFC 75: Champion vs. Champion,,"September 08, 2007"
65,2007-09-19,UFC Fight Night: Thomas vs. Florian,UFC Fight Night: Thomas vs. Florian,,"September 19, 2007"
66,2007-09-22,UFC 76: Knockout,UFC 76: Knockout,,"September 22, 2007"
67,2007-10-20,UFC 77: Hostile Territory,UFC 77: Hostile Territory,,"October 20, 2007"
68,2007-11-17,UFC 78: Validation,UFC 78: Validation,,"November 17, 2007"
69,2007-12-08,The Ultimate Fighter: Team Hughes vs. Team Serra Finale,The Ultimate Fighter: Team Hughes vs. Team Serra Finale,,"December 08, 2007"
70,2007-12-29,UFC 79: Nemesis,UFC 79: Nemesis,,"December 29, 2007"
71,2008-01-19,UFC 80: Rapid Fire,UFC 80: Rapid Fire,,"January 19, 2008"
72,2008-01-23,UFC Fight Night: Swick vs. Burkman,UFC Fight Night: Swick vs. Burkman,,"January 23, 2008"
73,2008-02-02,UFC 81: Breaking Point,UFC 81: Breaking Point,,"February 02, 2008"
74,2008-03-01,UFC 82: Pride of a Champion,UFC 82: Pride of a Champion,,"March 01, 2008"
75,2008-04-02,UFC Fight Night: Florian vs. Lauzon,UFC Fight Night: Florian vs. Lauzon,,"April 02, 2008"
76,2008-04-19,UFC 83: Serra vs. St-Pierre 2,UFC 83: Serra vs. St-Pierre 2,,"April 19, 2008"
77,2008-05-24,UFC 84: Ill Will,UFC 84: Ill Will,,"May 24, 2008"
78,2008-06-07,UFC 85: Bedlam,UFC 85: Bedlam,,"June 07, 2008"
79,2008-06-21,The Ultimate Fighter: Team Rampage vs. Team Forrest Finale,The Ultimate Fighter: Team Rampage vs. Team Forrest Finale,,"June 21, 2008"
80,2008-07-05,UFC 86: Jackson vs. Griffin,UFC 86: Jackson vs. Griffin,,"July 05, 2008"
81,2008-07-19,UFC Fight Night: Silva vs. Irvin,UFC Fight Night: Silva vs. Irvin,,"July 19, 2008"
82,2008-08-09,UFC 87: Seek and Destroy,UFC 87: Seek and Destroy,,"August 09, 2008"
83,2008-09-06,UFC 88: Breakthrough,UFC 88: Breakthrough,,"September 06, 2008"
84,2008-09-17,UFC Fight Night: Diaz vs. Neer,UFC Fight Night: Diaz vs. Neer,,"September 17, 2008"
85,2008-10-18,UFC 89: Bisping vs. Leben,UFC 89: Bisping vs. Leben,,"October 18, 2008"
86,2008-10-25,UFC 90: Silva vs. Côté,UFC 90: Silva vs. Côté,,"October 25, 2008"
87,2008-11-15,UFC 91: Couture vs. Lesnar,UFC 91: Couture vs. Lesnar,,"November 15, 2008"
88,2008-12-10,UFC: Fight for the Troops,UFC: Fight for the Troops,,"December 10, 2008"
89,2008-12-13,The Ultimate Fighter: Team Nogueira vs. Team Mir Finale,The Ultimate Fighter: Team Nogueira vs. Team Mir Finale,,"December 13, 2008"
90,2008-12-27,UFC 92: The Ultimate 2008,UFC 92: The Ultimate 2008,,"December 27, 2008"
91,2009-01-17,UFC 93: Franklin vs. Henderson,UFC 93: Franklin vs. Henderson,,"January 17, 2009"
92,2009-01-31,UFC 94: St-Pierre vs. Penn 2,UFC 94: St-Pierre vs. Penn 2,,"January 31, 2009"
93,2009-02-07,UFC Fight Night: Lauzon vs. Stephens,UFC Fight Night: Lauzon vs. Stephens,,"February 07, 2009"
94,2009-02-21,UFC 95: Sanchez vs. Stevenson,UFC 95: Sanchez vs. Stevenson,,"February 21, 2009"
95,2009-03-07,UFC 96: Jackson vs. Jardine,UFC 96: Jackson vs. Jardine,,"March 07, 2009"
96,2009-04-01,UFC Fight Night: Condit vs. Kampmann,UFC Fight Night: Condit vs. Kampmann,,"April 01, 2009"
97,2009-04-18,UFC 97: Redemption,UFC 97: Redemption,,"April 18, 2009"
98,2009-05-23,UFC 98: Evans vs. Machida,UFC 98: Evans vs. Machida,,"May 23, 2009"
99,2009-06-13,UFC 99: The Comeback,UFC 99: The Comeback,,"June 13, 2009"
100,2009-06-20,The Ultimate Fighter: United States vs. United Kingdom Finale,The Ultimate Fighter: United States vs. United Kingdom Finale,,"June 20, 2009"
101,2009-07-11,UFC 100,UFC 100,,"July 11, 2009"
102,2009-08-08,UFC 101: Declaration,UFC 101: Declaration,,"August 08, 2009"
103,2009-08-29,UFC 102: Couture vs. Nogueira,UFC 102: Couture vs. Nogueira,,"August 29, 2009"
104,2009-09-16,UFC Fight Night: Diaz vs. Guillard,UFC Fight Night: Diaz vs. Guillard,,"September 16, 2009"
105,2009-09-19,UFC 103: Franklin vs. Belfort,UFC 103: Franklin vs. Belfort,,"September 19, 2009"
106,2009-10-24,UFC 104: Machida vs. Shogun,UFC 104: Machida vs. Shogun,,"October 24, 2009"
107,2009-11-14,UFC 105: Couture vs. Vera,UFC 105: Couture vs. Vera,,"November 14, 2009"
108,2009-11-21,UFC 106: Ortiz vs. Griffin 2,UFC 106: Ortiz vs. Griffin 2,,"November 21, 2009"
109,2009-12-05,The Ultimate Fighter: Heavyweights Finale,The Ultimate Fighter: Heavyweights Finale,,"December 05, 2009"
110,2009-12-12,UFC 107: Penn vs. Sanchez,UFC 107: Penn vs. Sanchez,,"December 12, 2009"
111,2010-01-02,UFC 108: Evans vs. Silva,UFC 108: Evans vs. Silva,,"January 02, 2010"
112,2010-01-11,UFC Fight Night: Maynard vs. Diaz,UFC Fight Night: Maynard vs. Diaz,,"January 11, 2010"
113,2010-02-06,UFC 109: Relentless,UFC 109: Relentless,,"February 06, 2010"
114,2010-02-21,UFC 110: Nogueira vs. Velasquez,UFC 110: Nogueira vs. Velasquez,,"February 21, 2010"
115,2010-03-21,UFC Live: Vera vs. Jones,UFC Live: Vera vs. Jones,,"March 21, 2010"
116,2010-03-27,UFC 111: St-Pierre vs. Hardy,UFC 111: St-Pierre vs. Hardy,,"March 27, 2010"
117,2010-03-31,UFC Fight Night: Florian vs. Gomi,UFC Fight Night: Florian vs. Gomi,,"March 31, 2010"
118,2010-04-10,UFC 112: Invincible,UFC 112: Invincible,,"April 10, 2010"
119,2010-05-08,UFC 113: Machida vs. Shogun 2,UFC 113: Machida vs. Shogun 2,,"May 08, 2010"
120,2010-05-29,UFC 114: Rampage vs. Evans,UFC 114: Rampage vs. Evans,,"May 29, 2010"
121,2010-06-12,UFC 115: Liddell vs. Franklin,UFC 115: Liddell vs. Franklin,,"June 12, 2010"
122,2010-06-19,The Ultimate Fighter: Team Liddell vs. Team Ortiz Finale,The Ultimate Fighter: Team Liddell vs. Team Ortiz Finale,,"June 19, 2010"
123,2010-07-03,UFC 116: Lesnar vs. Carwin,UFC 116: Lesnar vs. Carwin,,"July 03, 2010"
124,2010-08-01,UFC Live: Jones vs. Matyushenko,UFC Live: Jones vs. Matyushenko,,"August 01, 2010"
125,2010-08-07,UFC 117: Silva vs. Sonnen,UFC 117: Silva vs. Sonnen,,"August 07, 2010"
126,2010-08-28,UFC 118: Edgar vs. Penn 2,UFC 118: Edgar vs. Penn 2,,"August 28, 2010"
127,2010-09-15,UFC Fight Night: Marquardt vs. Palhares,UFC Fight Night: Marquardt vs. Palhares,,"September 15, 2010"
128,2010-09-25,UFC 119: Mir vs. Cro Cop,UFC 119: Mir vs. Cro Cop,,"September 25, 2010"
129,2010-10-16,UFC 120: Bisping vs. Akiyama,UFC 120: Bisping vs. Akiyama,,"October 16, 2010"
130,2010-10-23,UFC 121: Lesnar vs. Velasquez,UFC 121: Lesnar vs. Velasquez,,"October 23, 2010"
131,2010-11-13,UFC 122: Marquardt vs. Okami,UFC 122: Marquardt vs. Okami,,"November 13, 2010"
132,2010-11-20,UFC 123: Rampage vs. Machida,UFC 123: Rampage vs. Machida,,"November 20, 2010"
133,2010-12-04,The Ultimate Fighter: Team GSP vs. Team Koscheck Finale,The Ultimate Fighter: Team GSP vs. Team Koscheck Finale,,"December 04, 2010"
134,2010-12-11,UFC 124: St-Pierre vs. Koscheck 2,UFC 124: St-Pierre vs. Koscheck 2,,"December 11, 2010"
135,2011-01-01,UFC 125: Resolution,UFC 125: Resolution,,"January 01, 2011"
136,2011-01-22,UFC: Fight for the Troops 2,UFC: Fight for the Troops 2,,"January 22, 2011"
137,2011-02-05,UFC 126: Silva vs. Belfort,UFC 126: Silva vs. Belfort,,"February 05, 2011"
138,2011-02-27,UFC 127: Penn vs. Fitch,UFC 127: Penn vs. Fitch,,"February 27, 2011"
139,2011-03-03,UFC Live: Sanchez vs. Kampmann,UFC Live: Sanchez vs. Kampmann,,"March 03, 2011"
140,2011-03-19,UFC 128: Shogun vs. Jones,UFC 128: Shogun vs. Jones,,"March 19, 2011"
141,2011-03-26,UFC Fight Night: Nogueira vs. Davis,UFC Fight Night: Nogueira vs. Davis,,"March 26, 2011"
142,2011-04-30,UFC 129: St-Pierre vs. Shields,UFC 129: St-Pierre vs. Shields,,"April 30, 2011"
143,2011-05-28,UFC 130: Rampage vs. Hamill,UFC 130: Rampage vs. Hamill,,"May 28, 2011"
144,2011-06-04,The Ultimate Fighter: Team Lesnar vs. Team dos Santos Finale,The Ultimate Fighter: Team Lesnar vs. Team dos Santos Finale,,"June 04, 2011"
145,2011-06-11,UFC 131: dos Santos vs. Carwin,UFC 131: dos Santos vs. Carwin,,"June 11, 2011"
146,2011-06-26,UFC Live: Kongo vs. Barry,UFC Live: Kongo vs. Barry,,"June 26, 2011"
147,2011-07-02,UFC 132: Cruz vs. Faber,UFC 132: Cruz vs. Faber,,"July 02, 2011"
148,2011-08-06,UFC 133: Evans vs. Ortiz,UFC 133: Evans vs. Ortiz,,"August 06, 2011"
149,2011-08-14,UFC Live: Hardy vs. Lytle,UFC Live: Hardy vs. Lytle,,"August 14, 2011"
150,2011-08-27,UFC 134: Silva vs. Okami,UFC 134: Silva vs. Okami,,"August 27, 2011"
151,2011-09-17,UFC Fight Night: Shields vs. Ellenberger,UFC Fight Night: Shields vs. Ellenberger,,"September 17, 2011"
152,2011-09-24,UFC 135: Jones vs. Rampage,UFC 135: Jones vs. Rampage,,"September 24, 2011"
153,2011-10-01,UFC Live: Cruz vs. Johnson,UFC Live: Cruz vs. Johnson,,"October 01, 2011"
154,2011-10-08,UFC 136: Edgar vs. Maynard III,UFC 136: Edgar vs. Maynard III,,"October 08, 2011"
155,2011-10-29,UFC 137: Penn vs. Diaz,UFC 137: Penn vs. Diaz,,"October 29, 2011"
156,2011-11-05,UFC 138: Leben vs. Muñoz,UFC 138: Leben vs. Muñoz,,"November 05, 2011"
157,2011-11-12,UFC on Fox: Velasquez vs. dos Santos,UFC on Fox: Velasquez vs. dos Santos,,"November 12, 2011"
158,2011-11-19,UFC 139: Shogun vs. Henderson,UFC 139: Shogun vs. Henderson,,"November 19, 2011"
159,2011-12-03,The Ultimate Fighter: Team Bisping vs. Team Miller Finale,The Ultimate Fighter: Team Bisping vs. Team Miller Finale,,"December 03, 2011"
160,2011-12-10,UFC 140: Jones vs. Machida,UFC 140: Jones vs. Machida,,"December 10, 2011"
161,2011-12-30,UFC 141: Lesnar vs. Overeem,UFC 141: Lesnar vs. Overeem,,"December 30, 2011"
162,2012-01-14,UFC 142: Aldo vs. Mendes,UFC 142: Aldo vs. Mendes,,"January 14, 2012"
163,2012-01-20,UFC on FX: Guillard vs. Miller,UFC on FX: Guillard vs. Miller,,"January 20, 2012"
164,2012-01-28,UFC on Fox: Evans vs. Davis,UFC on Fox: Evans vs. Davis,,"January 28, 2012"
165,2012-02-04,UFC 143: Diaz vs. Condit,UFC 143: Diaz vs. Condit,,"February 04, 2012"
166,2012-02-15,UFC on Fuel TV: Sanchez vs. Ellenberger,UFC on Fuel TV: Sanchez vs. Ellenberger,,"February 15, 2012"
167,2012-02-26,UFC 144: Edgar vs. Henderson,UFC 144: Edgar vs. Henderson,,"February 26, 2012"
168,2012-03-03,UFC on FX: Alves vs. Kampmann,UFC on FX: Alves vs. Kampmann,,"March 03, 2012"
169,2012-04-14,UFC on Fuel TV: Gustafsson vs. Silva,UFC on Fuel TV: Gustafsson vs. Silva,,"April 14, 2012"
170,2012-04-21,UFC 145: Jones vs. Evans,UFC 145: Jones vs. Evans,,"April 21, 2012"
171,2012-05-05,UFC on Fox: Diaz vs. Miller,UFC on Fox: Diaz vs. Miller,,"May 05, 2012"
172,2012-05-15,UFC on Fuel TV: The Korean Zombie vs. Poirier,UFC on Fuel TV: The Korean Zombie vs. Poirier,,"May 15, 2012"
173,2012-05-26,UFC 146: dos Santos vs. Mir,UFC 146: dos Santos vs. Mir,,"May 26, 2012"
174,2012-06-01,The Ultimate Fighter: Live Finale,The Ultimate Fighter: Live Finale,,"June 01, 2012"
175,2012-06-08,UFC on FX: Johnson vs. McCall,UFC on FX: Johnson vs. McCall,,"June 08, 2012"
176,2012-06-22,UFC on FX: Maynard vs. Guida,UFC on FX: Maynard vs. Guida,,"June 22, 2012"
177,2012-06-23,UFC 147: Silva vs. Franklin II,UFC 147: Silva vs. Franklin II,,"June 23, 2012"
178,2012-07-07,UFC 148: Silva vs. Sonnen II,UFC 148: Silva vs. Sonnen II,,"July 07, 2012"
179,2012-07-11,UFC on Fuel TV: Muñoz vs. Weidman,UFC on Fuel TV: Muñoz vs. Weidman,,"July 11, 2012"
180,2012-07-21,UFC 149: Faber vs. Barão,UFC 149: Faber vs. Barão,,"July 21, 2012"
181,2012-08-04,UFC on Fox: Shogun vs. Vera,UFC on Fox: Shogun vs. Vera,,"August 04, 2012"
182,2012-08-11,UFC 150: Henderson vs. Edgar II,UFC 150: Henderson vs. Edgar II,,"August 11, 2012"
183,2012-09-22,UFC 152: Jones vs. Belfort,UFC 152: Jones vs. Belfort,,"September 22, 2012"
184,2012-09-29,UFC on Fuel TV: Struve vs. Miocic,UFC on Fuel TV: Struve vs. Miocic,,"September 29, 2012"
185,2012-10-05,UFC on FX: Browne vs. Bigfoot,UFC on FX: Browne vs. Bigfoot,,"October 05, 2012"
186,2012-10-13,UFC 153: Silva vs. Bonnar,UFC 153: Silva vs. Bonnar,,"October 13, 2012"
187,2012-11-10,UFC on Fuel TV: Franklin vs. Le,UFC on Fuel TV: Franklin vs. Le,,"November 10, 2012"
188,2012-11-17,UFC 154: St-Pierre vs. Condit,UFC 154: St-Pierre vs. Condit,,"November 17, 2012"
189,2012-12-08,UFC on Fox: Henderson vs. Diaz,UFC on Fox: Henderson vs. Diaz,,"December 08, 2012"
190,2012-12-15,"The Ultimate Fighter: Team Carwin vs. Team Nelson Finale, UFC on FX: Sotiropoulos vs. Pearson",The Ultimate Fighter: Team Carwin vs. Team Nelson Finale, UFC on FX: Sotiropoulos vs. Pearson,"December 15, 2012"
191,2012-12-29,UFC 155: dos Santos vs. Velasquez 2,UFC 155: dos Santos vs. Velasquez 2,,"December 29, 2012"
192,2013-01-19,UFC on FX: Belfort vs. Bisping,UFC on FX: Belfort vs. Bisping,,"January 19, 2013"
193,2013-01-26,UFC on Fox: Johnson vs. Dodson,UFC on Fox: Johnson vs. Dodson,,"January 26, 2013"
194,2013-02-02,UFC 156: Aldo vs. Edgar,UFC 156: Aldo vs. Edgar,,"February 02, 2013"
195,2013-02-16,UFC on Fuel TV: Barão vs. McDonald,UFC on Fuel TV: Barão vs. McDonald,,"February 16, 2013"
196,2013-02-23,UFC 157: Rousey vs. Carmouche,UFC 157: Rousey vs. Carmouche,,"February 23, 2013"
197,2013-03-03,UFC on Fuel TV: Silva vs. Stann,UFC on Fuel TV: Silva vs. Stann,,"March 03, 2013"
198,2013-03-16,UFC 158: St-Pierre vs. Diaz,UFC 158: St-Pierre vs. Diaz,,"March 16, 2013"
199,2013-04-06,UFC on Fuel TV: Mousasi vs. Latifi,UFC on Fuel TV: Mousasi vs. Latifi,,"April 06, 2013"
200,2013-04-13,The Ultimate Fighter: Team Jones vs. Team Sonnen Finale,The Ultimate Fighter: Team Jones vs. Team Sonnen Finale,,"April 13, 2013"
201,2013-04-20,UFC on Fox: Henderson vs. Melendez,UFC on Fox: Henderson vs. Melendez,,"April 20, 2013"
202,2013-04-27,UFC 159: Jones vs. Sonnen,UFC 159: Jones vs. Sonnen,,"April 27, 2013"
203,2013-05-18,UFC on FX: Belfort vs. Rockhold,UFC on FX: Belfort vs. Rockhold,,"May 18, 2013"
204,2013-05-25,UFC 160: Velasquez vs. Bigfoot 2,UFC 160: Velasquez vs. Bigfoot 2,,"May 25, 2013"
205,2013-06-08,UFC on Fuel TV: Nogueira vs. Werdum,UFC on Fuel TV: Nogueira vs. Werdum,,"June 08, 2013"
206,2013-06-15,UFC 161: Evans vs. Henderson,UFC 161: Evans vs. Henderson,,"June 15, 2013"
207,2013-07-06,UFC 162: Silva vs. Weidman,UFC 162: Silva vs. Weidman,,"July 06, 2013"
208,2013-07-27,UFC on Fox: Johnson vs. Moraga,UFC on Fox: Johnson vs. Moraga,,"July 27, 2013"
209,2013-08-03,UFC 163: Aldo vs. Korean Zombie,UFC 163: Aldo vs. Korean Zombie,,"August 03, 2013"
210,2013-08-17,UFC Fight Night: Shogun vs. Sonnen,UFC Fight Night: Shogun vs. Sonnen,,"August 17, 2013"
211,2013-08-28,UFC Fight Night: Condit vs. Kampmann 2,UFC Fight Night: Condit vs. Kampmann 2,,"August 28, 2013"
212,2013-08-31,UFC 164: Henderson vs. Pettis,UFC 164: Henderson vs. Pettis,,"August 31, 2013"
213,2013-09-04,UFC Fight Night: Teixeira vs. Bader,UFC Fight Night: Teixeira vs. Bader,,"September 04, 2013"
214,2013-09-21,UFC 165: Jones vs. Gustafsson,UFC 165: Jones vs. Gustafsson,,"September 21, 2013"
215,2013-10-09,UFC Fight Night: Maia vs. Shields,UFC Fight Night: Maia vs. Shields,,"October 09, 2013"
216,2013-10-19,UFC 166: Velasquez vs. dos Santos III,UFC 166: Velasquez vs. dos Santos III,,"October 19, 2013"
217,2013-10-26,UFC Fight Night: Machida vs. Muñoz,UFC Fight Night: Machida vs. Muñoz,,"October 26, 2013"
218,2013-11-06,UFC: Fight for the Troops 3,UFC: Fight for the Troops 3,,"November 06, 2013"
219,2013-11-09,UFC Fight Night: Belfort vs. Henderson,UFC Fight Night: Belfort vs. Henderson,,"November 09, 2013"
220,2013-11-16,UFC 167: St-Pierre vs. Hendricks,UFC 167: St-Pierre vs. Hendricks,,"November 16, 2013"
221,2013-11-30,The Ultimate Fighter: Team Rousey vs. Team Tate Finale,The Ultimate Fighter: Team Rousey vs. Team Tate Finale,,"November 30, 2013"
222,2013-12-07,UFC Fight Night: Hunt vs. Bigfoot,UFC Fight Night: Hunt vs. Bigfoot,,"December 07, 2013"
223,2013-12-14,UFC on Fox: Johnson vs. Benavidez 2,UFC on Fox: Johnson vs. Benavidez 2,,"December 14, 2013"
224,2013-12-28,UFC 168: Weidman vs. Silva 2,UFC 168: Weidman vs. Silva 2,,"December 28, 2013"
225,2014-01-04,UFC Fight Night: Saffiedine vs. Lim,UFC Fight Night: Saffiedine vs. Lim,,"January 04, 2014"
226,2014-01-15,UFC Fight Night: Rockhold vs. Philippou,UFC Fight Night: Rockhold vs. Philippou,,"January 15, 2014"
227,2014-01-25,UFC on Fox: Henderson vs. Thomson,UFC on Fox: Henderson vs. Thomson,,"January 25, 2014"
228,2014-02-01,UFC 169: Barão vs. Faber II,UFC 169: Barão vs. Faber II,,"February 01, 2014"
229,2014-02-15,UFC Fight Night: Machida vs. Mousasi,UFC Fight Night: Machida vs. Mousasi,,"February 15, 2014"
230,2014-02-22,UFC 170: Rousey vs. McMann,UFC 170: Rousey vs. McMann,,"February 22, 2014"
231,2014-03-01,The Ultimate Fighter China Finale: Kim vs. Hathaway,The Ultimate Fighter China Finale: Kim vs. Hathaway,,"March 01, 2014"
232,2014-03-08,UFC Fight Night: Gustafsson vs. Manuwa,UFC Fight Night: Gustafsson vs. Manuwa,,"March 08, 2014"
233,2014-03-15,UFC 171: Hendricks vs. Lawler,UFC 171: Hendricks vs. Lawler,,"March 15, 2014"
234,2014-03-23,UFC Fight Night: Shogun vs. Henderson 2,UFC Fight Night: Shogun vs. Henderson 2,,"March 23, 2014"
235,2014-04-11,UFC Fight Night: Nogueira vs. Nelson,UFC Fight Night: Nogueira vs. Nelson,,"April 11, 2014"
236,2014-04-16,The Ultimate Fighter Nations Finale: Bisping vs. Kennedy,The Ultimate Fighter Nations Finale: Bisping vs. Kennedy,,"April 16, 2014"
237,2014-04-19,UFC on Fox: Werdum vs. Browne,UFC on Fox: Werdum vs. Browne,,"April 19, 2014"
238,2014-04-26,UFC 172: Jones vs. Teixeira,UFC 172: Jones vs. Teixeira,,"April 26, 2014"
239,2014-05-10,UFC Fight Night: Brown vs. Silva,UFC Fight Night: Brown vs. Silva,,"May 10, 2014"
240,2014-05-24,UFC 173: Barão vs. Dillashaw,UFC 173: Barão vs. Dillashaw,,"May 24, 2014"
241,2014-05-31,"UFC Fight Night: Muñoz vs. Mousasi, The Ultimate Fighter Brazil 3 Finale: Miocic vs. Maldonado",UFC Fight Night: Muñoz vs. Mousasi, The Ultimate Fighter Brazil 3 Finale: Miocic vs. Maldonado,"May 31, 2014"
242,2014-06-07,UFC Fight Night: Henderson vs. Khabilov,UFC Fight Night: Henderson vs. Khabilov,,"June 07, 2014"
243,2014-06-14,UFC 174: Johnson vs. Bagautinov,UFC 174: Johnson vs. Bagautinov,,"June 14, 2014"
244,2014-06-28,"UFC Fight Night: Swanson vs. Stephens, UFC Fight Night: Te Huna vs. Marquardt",UFC Fight Night: Swanson vs. Stephens, UFC Fight Night: Te Huna vs. Marquardt,"June 28, 2014"
245,2014-07-05,UFC 175: Weidman vs. Machida,UFC 175: Weidman vs. Machida,,"July 05, 2014"
246,2014-07-06,The Ultimate Fighter: Team Edgar vs. Team Penn Finale,The Ultimate Fighter: Team Edgar vs. Team Penn Finale,,"July 06, 2014"
247,2014-07-16,UFC Fight Night: Cowboy vs. Miller,UFC Fight Night: Cowboy vs. Miller,,"July 16, 2014"
248,2014-07-19,UFC Fight Night: McGregor vs. Brandao,UFC Fight Night: McGregor vs. Brandao,,"July 19, 2014"
249,2014-07-26,UFC on Fox: Lawler vs. Brown,UFC on Fox: Lawler vs. Brown,,"July 26, 2014"
250,2014-08-16,UFC Fight Night: Bader vs. Saint Preux,UFC Fight Night: Bader vs. Saint Preux,,"August 16, 2014"
251,2014-08-23,"UFC Fight Night: Bisping vs. Le, UFC Fight Night: Henderson vs. dos Anjos",UFC Fight Night: Bisping vs. Le, UFC Fight Night: Henderson vs. dos Anjos,"August 23, 2014"
252,2014-08-30,UFC 177: Dillashaw vs. Soto,UFC 177: Dillashaw vs. Soto,,"August 30, 2014"
253,2014-09-05,UFC Fight Night: Jacaré vs. Mousasi,UFC Fight Night: Jacaré vs. Mousasi,,"September 05, 2014"
254,2014-09-13,UFC Fight Night: Bigfoot vs. Arlovski,UFC Fight Night: Bigfoot vs. Arlovski,,"September 13, 2014"
255,2014-09-20,UFC Fight Night: Hunt vs. Nelson,UFC Fight Night: Hunt vs. Nelson,,"September 20, 2014"
256,2014-09-27,UFC 178: Johnson vs. Cariaso,UFC 178: Johnson vs. Cariaso,,"September 27, 2014"
257,2014-10-04,"UFC Fight Night: Nelson vs. Story, UFC Fight Night: MacDonald vs. Saffiedine",UFC Fight Night: Nelson vs. Story, UFC Fight Night: MacDonald vs. Saffiedine,"October 04, 2014"
258,2014-10-25,UFC 179: Aldo vs. Mendes 2,UFC 179: Aldo vs. Mendes 2,,"October 25, 2014"
259,2014-11-08,"UFC Fight Night: Rockhold vs. Bisping, UFC Fight Night: Shogun vs. Saint Preux",UFC Fight Night: Rockhold vs. Bisping, UFC Fight Night: Shogun vs. Saint Preux,"November 08, 2014"
260,2014-11-15,UFC 180: Werdum vs. Hunt,UFC 180: Werdum vs. Hunt,,"November 15, 2014"
261,2014-11-22,UFC Fight Night: Edgar vs. Swanson,UFC Fight Night: Edgar vs. Swanson,,"November 22, 2014"
262,2014-12-06,UFC 181: Hendricks vs. Lawler II,UFC 181: Hendricks vs. Lawler II,,"December 06, 2014"
263,2014-12-12,The Ultimate Fighter: A Champion Will Be Crowned Finale,The Ultimate Fighter: A Champion Will Be Crowned Finale,,"December 12, 2014"
264,2014-12-13,UFC on Fox: dos Santos vs. Miocic,UFC on Fox: dos Santos vs. Miocic,,"December 13, 2014"
265,2014-12-20,UFC Fight Night: Machida vs. Dollaway,UFC Fight Night: Machida vs. Dollaway,,"December 20, 2014"
266,2015-01-03,UFC 182: Jones vs. Cormier,UFC 182: Jones vs. Cormier,,"January 03, 2015"
267,2015-01-18,UFC Fight Night: McGregor vs. Siver,UFC Fight Night: McGregor vs. Siver,,"January 18, 2015"
268,2015-01-24,UFC on Fox: Gustafsson vs. Johnson,UFC on Fox: Gustafsson vs. Johnson,,"January 24, 2015"
269,2015-01-31,UFC 183: Silva vs. Diaz,UFC 183: Silva vs. Diaz,,"January 31, 2015"
270,2015-02-14,UFC Fight Night: Henderson vs. Thatch,UFC Fight Night: Henderson vs. Thatch,,"February 14, 2015"
271,2015-02-22,UFC Fight Night: Bigfoot vs. Mir,UFC Fight Night: Bigfoot vs. Mir,,"February 22, 2015"
272,2015-02-28,UFC 184: Rousey vs. Zingano,UFC 184: Rousey vs. Zingano,,"February 28, 2015"
273,2015-03-14,UFC 185: Pettis vs. dos Anjos,UFC 185: Pettis vs. dos Anjos,,"March 14, 2015"
274,2015-03-21,UFC Fight Night: Maia vs. LaFlare,UFC Fight Night: Maia vs. LaFlare,,"March 21, 2015"
275,2015-04-04,UFC Fight Night: Mendes vs. Lamas,UFC Fight Night: Mendes vs. Lamas,,"April 04, 2015"
276,2015-04-11,UFC Fight Night: Gonzaga vs. Cro Cop 2,UFC Fight Night: Gonzaga vs. Cro Cop 2,,"April 11, 2015"
277,2015-04-18,UFC on Fox: Machida vs. Rockhold,UFC on Fox: Machida vs. Rockhold,,"April 18, 2015"
278,2015-04-25,UFC 186: Johnson vs. Horiguchi,UFC 186: Johnson vs. Horiguchi,,"April 25, 2015"
279,2015-05-10,UFC Fight Night: Miocic vs. Hunt,UFC Fight Night: Miocic vs. Hunt,,"May 10, 2015"
280,2015-05-16,UFC Fight Night: Edgar vs. Faber,UFC Fight Night: Edgar vs. Faber,,"May 16, 2015"
281,2015-05-23,UFC 187: Johnson vs. Cormier,UFC 187: Johnson vs. Cormier,,"May 23, 2015"
282,2015-05-30,UFC Fight Night: Condit vs. Alves,UFC Fight Night: Condit vs. Alves,,"May 30, 2015"
283,2015-06-06,UFC Fight Night: Boetsch vs. Henderson,UFC Fight Night: Boetsch vs. Henderson,,"June 06, 2015"
284,2015-06-13,UFC 188: Velasquez vs. Werdum,UFC 188: Velasquez vs. Werdum,,"June 13, 2015"
285,2015-06-20,UFC Fight Night: Jędrzejczyk vs. Penne,UFC Fight Night: Jędrzejczyk vs. Penne,,"June 20, 2015"
286,2015-06-27,UFC Fight Night: Machida vs. Romero,UFC Fight Night: Machida vs. Romero,,"June 27, 2015"
287,2015-07-11,UFC 189: Mendes vs. McGregor,UFC 189: Mendes vs. McGregor,,"July 11, 2015"
288,2015-07-12,The Ultimate Fighter: American Top Team vs. Blackzilians Finale,The Ultimate Fighter: American Top Team vs. Blackzilians Finale,,"July 12, 2015"
289,2015-07-15,UFC Fight Night: Mir vs. Duffee,UFC Fight Night: Mir vs. Duffee,,"July 15, 2015"
290,2015-07-18,UFC Fight Night: Bisping vs. Leites,UFC Fight Night: Bisping vs. Leites,,"July 18, 2015"
291,2015-07-25,UFC on Fox: Dillashaw vs. Barão 2,UFC on Fox: Dillashaw vs. Barão 2,,"July 25, 2015"
292,2015-08-01,UFC 190: Rousey vs. Correia,UFC 190: Rousey vs. Correia,,"August 01, 2015"
293,2015-08-08,UFC Fight Night: Teixeira vs. Saint Preux,UFC Fight Night: Teixeira vs. Saint Preux,,"August 08, 2015"
294,2015-08-23,UFC Fight Night: Holloway vs. Oliveira,UFC Fight Night: Holloway vs. Oliveira,,"August 23, 2015"
295,2015-09-05,UFC 191: Johnson vs. Dodson 2,UFC 191: Johnson vs. Dodson 2,,"September 05, 2015"
296,2015-09-27,UFC Fight Night: Barnett vs. Nelson,UFC Fight Night: Barnett vs. Nelson,,"September 27, 2015"
297,2015-10-03,UFC 192: Cormier vs. Gustafsson,UFC 192: Cormier vs. Gustafsson,,"October 03, 2015"
298,2015-10-24,UFC Fight Night: Holohan vs. Smolka,UFC Fight Night: Holohan vs. Smolka,,"October 24, 2015"
299,2015-11-07,UFC Fight Night: Belfort vs. Henderson 3,UFC Fight Night: Belfort vs. Henderson 3,,"November 07, 2015"
300,2015-11-15,UFC 193: Rousey vs. Holm,UFC 193: Rousey vs. Holm,,"November 15, 2015"
301,2015-11-21,The Ultimate Fighter Latin America 2 Finale: Magny vs. Gastelum,The Ultimate Fighter Latin America 2 Finale: Magny vs. Gastelum,,"November 21, 2015"
302,2015-11-28,UFC Fight Night: Henderson vs. Masvidal,UFC Fight Night: Henderson vs. Masvidal,,"November 28, 2015"
303,2015-12-10,UFC Fight Night: Namajunas vs. VanZant,UFC Fight Night: Namajunas vs. VanZant,,"December 10, 2015"
304,2015-12-11,The Ultimate Fighter: Team McGregor vs. Team Faber Finale,The Ultimate Fighter: Team McGregor vs. Team Faber Finale,,"December 11, 2015"
305,2015-12-12,UFC 194: Aldo vs. McGregor,UFC 194: Aldo vs. McGregor,,"December 12, 2015"
306,2015-12-19,UFC on Fox: dos Anjos vs. Cowboy 2,UFC on Fox: dos Anjos vs. Cowboy 2,,"December 19, 2015"
307,2016-01-02,UFC 195: Lawler vs. Condit,UFC 195: Lawler vs. Condit,,"January 02, 2016"
308,2016-01-17,UFC Fight Night: Dillashaw vs. Cruz,UFC Fight Night: Dillashaw vs. Cruz,,"January 17, 2016"
309,2016-01-30,UFC on Fox: Johnson vs. Bader,UFC on Fox: Johnson vs. Bader,,"January 30, 2016"
310,2016-02-06,UFC Fight Night: Hendricks vs. Thompson,UFC Fight Night: Hendricks vs. Thompson,,"February 06, 2016"
311,2016-02-21,UFC Fight Night: Cowboy vs. Cowboy,UFC Fight Night: Cowboy vs. Cowboy,,"February 21, 2016"
312,2016-02-27,UFC Fight Night: Silva vs. Bisping,UFC Fight Night: Silva vs. Bisping,,"February 27, 2016"
313,2016-03-05,UFC 196: McGregor vs. Diaz,UFC 196: McGregor vs. Diaz,,"March 05, 2016"
314,2016-03-20,UFC Fight Night: Hunt vs. Mir,UFC Fight Night: Hunt vs. Mir,,"March 20, 2016"
315,2016-04-10,UFC Fight Night: Rothwell vs. dos Santos,UFC Fight Night: Rothwell vs. dos Santos,,"April 10, 2016"
316,2016-04-16,UFC on Fox: Teixeira vs. Evans,UFC on Fox: Teixeira vs. Evans,,"April 16, 2016"
317,2016-04-23,UFC 197: Jones vs. Saint Preux,UFC 197: Jones vs. Saint Preux,,"April 23, 2016"
318,2016-05-08,UFC Fight Night: Overeem vs. Arlovski,UFC Fight Night: Overeem vs. Arlovski,,"May 08, 2016"
319,2016-05-14,UFC 198: Werdum vs. Miocic,UFC 198: Werdum vs. Miocic,,"May 14, 2016"
320,2016-05-29,UFC Fight Night: Almeida vs. Garbrandt,UFC Fight Night: Almeida vs. Garbrandt,,"May 29, 2016"
321,2016-06-04,UFC 199: Rockhold vs. Bisping 2,UFC 199: Rockhold vs. Bisping 2,,"June 04, 2016"
322,2016-06-18,UFC Fight Night: MacDonald vs. Thompson,UFC Fight Night: MacDonald vs. Thompson,,"June 18, 2016"
323,2016-07-07,UFC Fight Night: dos Anjos vs. Alvarez,UFC Fight Night: dos Anjos vs. Alvarez,,"July 07, 2016"
324,2016-07-08,The Ultimate Fighter: Team Joanna vs. Team Cláudia Finale,The Ultimate Fighter: Team Joanna vs. Team Cláudia Finale,,"July 08, 2016"
325,2016-07-09,UFC 200: Tate vs. Nunes,UFC 200: Tate vs. Nunes,,"July 09, 2016"
326,2016-07-13,UFC Fight Night: McDonald vs. Lineker,UFC Fight Night: McDonald vs. Lineker,,"July 13, 2016"
327,2016-07-23,UFC on Fox: Holm vs. Shevchenko,UFC on Fox: Holm vs. Shevchenko,,"July 23, 2016"
328,2016-07-30,UFC 201: Lawler vs. Woodley,UFC 201: Lawler vs. Woodley,,"July 30, 2016"
329,2016-08-06,UFC Fight Night: Rodríguez vs. Caceres,UFC Fight Night: Rodríguez vs. Caceres,,"August 06, 2016"
330,2016-08-20,UFC 202: Diaz vs. McGregor 2,UFC 202: Diaz vs. McGregor 2,,"August 20, 2016"
331,2016-08-27,UFC on Fox: Maia vs. Condit,UFC on Fox: Maia vs. Condit,,"August 27, 2016"
332,2016-09-03,UFC Fight Night: Arlovski vs. Barnett,UFC Fight Night: Arlovski vs. Barnett,,"September 03, 2016"
333,2016-09-10,UFC 203: Miocic vs. Overeem,UFC 203: Miocic vs. Overeem,,"September 10, 2016"
334,2016-09-17,UFC Fight Night: Poirier vs. Johnson,UFC Fight Night: Poirier vs. Johnson,,"September 17, 2016"
335,2016-09-24,UFC Fight Night: Cyborg vs. Länsberg,UFC Fight Night: Cyborg vs. Länsberg,,"September 24, 2016"
336,2016-10-01,UFC Fight Night: Lineker vs. Dodson,UFC Fight Night: Lineker vs. Dodson,,"October 01, 2016"
337,2016-10-08,UFC 204: Bisping vs. Henderson 2,UFC 204: Bisping vs. Henderson 2,,"October 08, 2016"
338,2016-11-05,The Ultimate Fighter Latin America 3 Finale: dos Anjos vs. Ferguson,The Ultimate Fighter Latin America 3 Finale: dos Anjos vs. Ferguson,,"November 05, 2016"
339,2016-11-12,UFC 205: Alvarez vs. McGregor,UFC 205: Alvarez vs. McGregor,,"November 12, 2016"
340,2016-11-19,"UFC Fight Night: Mousasi vs. Hall 2, UFC Fight Night: Bader vs. Nogueira 2",UFC Fight Night: Mousasi vs. Hall 2, UFC Fight Night: Bader vs. Nogueira 2,"November 19, 2016"
341,2016-11-27,UFC Fight Night: Whittaker vs. Brunson,UFC Fight Night: Whittaker vs. Brunson,,"November 27, 2016"
342,2016-12-03,The Ultimate Fighter: Tournament of Champions Finale,The Ultimate Fighter: Tournament of Champions Finale,,"December 03, 2016"
343,2016-12-09,UFC Fight Night: Lewis vs. Abdurakhimov,UFC Fight Night: Lewis vs. Abdurakhimov,,"December 09, 2016"
344,2016-12-10,UFC 206: Holloway vs. Pettis,UFC 206: Holloway vs. Pettis,,"December 10, 2016"
345,2016-12-17,UFC on Fox: VanZant vs. Waterson,UFC on Fox: VanZant vs. Waterson,,"December 17, 2016"
346,2016-12-30,UFC 207: Nunes vs. Rousey,UFC 207: Nunes vs. Rousey,,"December 30, 2016"
347,2017-01-15,UFC Fight Night: Rodríguez vs. Penn,UFC Fight Night: Rodríguez vs. Penn,,"January 15, 2017"
348,2017-01-28,UFC on Fox: Shevchenko vs. Peña,UFC on Fox: Shevchenko vs. Peña,,"January 28, 2017"
349,2017-02-04,UFC Fight Night: Bermudez vs. The Korean Zombie,UFC Fight Night: Bermudez vs. The Korean Zombie,,"February 04, 2017"
350,2017-02-11,UFC 208: Holm vs. de Randamie,UFC 208: Holm vs. de Randamie,,"February 11, 2017"
351,2017-02-19,UFC Fight Night: Lewis vs. Browne,UFC Fight Night: Lewis vs. Browne,,"February 19, 2017"
352,2017-03-04,UFC 209: Woodley vs. Thompson 2,UFC 209: Woodley vs. Thompson 2,,"March 04, 2017"
353,2017-03-11,UFC Fight Night: Belfort vs. Gastelum,UFC Fight Night: Belfort vs. Gastelum,,"March 11, 2017"
354,2017-03-18,UFC Fight Night: Manuwa vs. Anderson,UFC Fight Night: Manuwa vs. Anderson,,"March 18, 2017"
355,2017-04-08,UFC 210: Cormier vs. Johnson 2,UFC 210: Cormier vs. Johnson 2,,"April 08, 2017"
356,2017-04-15,UFC on Fox: Johnson vs. Reis,UFC on Fox: Johnson vs. Reis,,"April 15, 2017"
357,2017-04-22,UFC Fight Night: Swanson vs. Lobov,UFC Fight Night: Swanson vs. Lobov,,"April 22, 2017"
358,2017-05-13,UFC 211: Miocic vs. dos Santos 2,UFC 211: Miocic vs. dos Santos 2,,"May 13, 2017"
359,2017-05-28,UFC Fight Night: Gustafsson vs. Teixeira,UFC Fight Night: Gustafsson vs. Teixeira,,"May 28, 2017"
360,2017-06-03,UFC 212: Aldo vs. Holloway,UFC 212: Aldo vs. Holloway,,"June 03, 2017"
361,2017-06-11,UFC Fight Night: Lewis vs. Hunt,UFC Fight Night: Lewis vs. Hunt,,"June 11, 2017"
362,2017-06-17,UFC Fight Night: Holm vs. Correia,UFC Fight Night: Holm vs. Correia,,"June 17, 2017"
363,2017-06-25,UFC Fight Night: Chiesa vs. Lee,UFC Fight Night: Chiesa vs. Lee,,"June 25, 2017"
364,2017-07-07,The Ultimate Fighter: Redemption Finale,The Ultimate Fighter: Redemption Finale,,"July 07, 2017"
365,2017-07-08,UFC 213: Romero vs. Whittaker,UFC 213: Romero vs. Whittaker,,"July 08, 2017"
366,2017-07-16,UFC Fight Night: Nelson vs. Ponzinibbio,UFC Fight Night: Nelson vs. Ponzinibbio,,"July 16, 2017"
367,2017-07-22,UFC on Fox: Weidman vs. Gastelum,UFC on Fox: Weidman vs. Gastelum,,"July 22, 2017"
368,2017-07-29,UFC 214: Cormier vs. Jones 2,UFC 214: Cormier vs. Jones 2,,"July 29, 2017"
369,2017-08-05,UFC Fight Night: Pettis vs. Moreno,UFC Fight Night: Pettis vs. Moreno,,"August 05, 2017"
370,2017-09-02,UFC Fight Night: Volkov vs. Struve,UFC Fight Night: Volkov vs. Struve,,"September 02, 2017"
371,2017-09-09,UFC 215: Nunes vs. Shevchenko 2,UFC 215: Nunes vs. Shevchenko 2,,"September 09, 2017"
372,2017-09-16,UFC Fight Night: Rockhold vs. Branch,UFC Fight Night: Rockhold vs. Branch,,"September 16, 2017"
373,2017-09-23,UFC Fight Night: Saint Preux vs. Okami,UFC Fight Night: Saint Preux vs. Okami,,"September 23, 2017"
374,2017-10-07,UFC 216: Ferguson vs. Lee,UFC 216: Ferguson vs. Lee,,"October 07, 2017"
375,2017-10-21,UFC Fight Night: Cowboy vs. Till,UFC Fight Night: Cowboy vs. Till,,"October 21, 2017"
376,2017-10-28,UFC Fight Night: Brunson vs. Machida,UFC Fight Night: Brunson vs. Machida,,"October 28, 2017"
377,2017-11-04,UFC 217: Bisping vs. St-Pierre,UFC 217: Bisping vs. St-Pierre,,"November 04, 2017"
378,2017-11-11,UFC Fight Night: Poirier vs. Pettis,UFC Fight Night: Poirier vs. Pettis,,"November 11, 2017"
379,2017-11-19,UFC Fight Night: Werdum vs. Tybura,UFC Fight Night: Werdum vs. Tybura,,"November 19, 2017"
380,2017-11-25,UFC Fight Night: Bisping vs. Gastelum,UFC Fight Night: Bisping vs. Gastelum,,"November 25, 2017"
381,2017-12-01,The Ultimate Fighter: A New World Champion Finale,The Ultimate Fighter: A New World Champion Finale,,"December 01, 2017"
382,2017-12-02,UFC 218: Holloway vs. Aldo 2,UFC 218: Holloway vs. Aldo 2,,"December 02, 2017"
383,2017-12-09,UFC Fight Night: Swanson vs. Ortega,UFC Fight Night: Swanson vs. Ortega,,"December 09, 2017"
384,2017-12-16,UFC on Fox: Lawler vs. dos Anjos,UFC on Fox: Lawler vs. dos Anjos,,"December 16, 2017"
385,2017-12-30,UFC 219: Cyborg vs. Holm,UFC 219: Cyborg vs. Holm,,"December 30, 2017"
386,2018-01-14,UFC Fight Night: Stephens vs. Choi,UFC Fight Night: Stephens vs. Choi,,"January 14, 2018"
387,2018-01-20,UFC 220: Miocic vs. Ngannou,UFC 220: Miocic vs. Ngannou,,"January 20, 2018"
388,2018-01-27,UFC on Fox: Jacaré vs. Brunson 2,UFC on Fox: Jacaré vs. Brunson 2,,"January 27, 2018"
389,2018-02-03,UFC Fight Night: Machida vs. Anders,UFC Fight Night: Machida vs. Anders,,"February 03, 2018"
390,2018-02-11,UFC 221: Romero vs. Rockhold,UFC 221: Romero vs. Rockhold,,"February 11, 2018"
391,2018-02-18,UFC Fight Night: Cowboy vs. Medeiros,UFC Fight Night: Cowboy vs. Medeiros,,"February 18, 2018"
392,2018-02-24,UFC on Fox: Emmett vs. Stephens,UFC on Fox: Emmett vs. Stephens,,"February 24, 2018"
393,2018-03-03,UFC 222: Cyborg vs. Kunitskaya,UFC 222: Cyborg vs. Kunitskaya,,"March 03, 2018"
394,2018-03-17,UFC Fight Night: Werdum vs. Volkov,UFC Fight Night: Werdum vs. Volkov,,"March 17, 2018"
395,2018-04-07,UFC 223: Khabib vs. Iaquinta,UFC 223: Khabib vs. Iaquinta,,"April 07, 2018"
396,2018-04-14,UFC on Fox: Poirier vs. Gaethje,UFC on Fox: Poirier vs. Gaethje,,"April 14, 2018"
397,2018-04-21,UFC Fight Night: Barboza vs. Lee,UFC Fight Night: Barboza vs. Lee,,"April 21, 2018"
398,2018-05-12,UFC 224: Nunes vs. Pennington,UFC 224: Nunes vs. Pennington,,"May 12, 2018"
399,2018-05-19,UFC Fight Night: Maia vs. Usman,UFC Fight Night: Maia vs. Usman,,"May 19, 2018"
400,2018-05-27,UFC Fight Night: Thompson vs. Till,UFC Fight Night: Thompson vs. Till,,"May 27, 2018"
401,2018-06-01,UFC Fight Night: Rivera vs. Moraes,UFC Fight Night: Rivera vs. Moraes,,"June 01, 2018"
402,2018-06-09,UFC 225: Whittaker vs. Romero 2,UFC 225: Whittaker vs. Romero 2,,"June 09, 2018"
403,2018-06-23,UFC Fight Night: Cowboy vs. Edwards,UFC Fight Night: Cowboy vs. Edwards,,"June 23, 2018"
404,2018-07-06,The Ultimate Fighter: Undefeated Finale,The Ultimate Fighter: Undefeated Finale,,"July 06, 2018"
405,2018-07-07,UFC 226: Miocic vs. Cormier,UFC 226: Miocic vs. Cormier,,"July 07, 2018"
406,2018-07-14,UFC Fight Night: dos Santos vs. Ivanov,UFC Fight Night: dos Santos vs. Ivanov,,"July 14, 2018"
407,2018-07-22,UFC Fight Night: Shogun vs. Smith,UFC Fight Night: Shogun vs. Smith,,"July 22, 2018"
408,2018-07-28,UFC on Fox: Alvarez vs. Poirier 2,UFC on Fox: Alvarez vs. Poirier 2,,"July 28, 2018"
409,2018-08-04,UFC 227: Dillashaw vs. Garbrandt 2,UFC 227: Dillashaw vs. Garbrandt 2,,"August 04, 2018"
410,2018-08-25,UFC Fight Night: Gaethje vs. Vick,UFC Fight Night: Gaethje vs. Vick,,"August 25, 2018"
411,2018-09-08,UFC 228: Woodley vs. Till,UFC 228: Woodley vs. Till,,"September 08, 2018"
412,2018-09-15,UFC Fight Night: Hunt vs. Oleinik,UFC Fight Night: Hunt vs. Oleinik,,"September 15, 2018"
413,2018-09-22,UFC Fight Night: Santos vs. Anders,UFC Fight Night: Santos vs. Anders,,"September 22, 2018"
414,2018-10-06,UFC 229: Khabib vs. McGregor,UFC 229: Khabib vs. McGregor,,"October 06, 2018"
415,2018-10-27,UFC Fight Night: Volkan vs. Smith,UFC Fight Night: Volkan vs. Smith,,"October 27, 2018"
416,2018-11-03,UFC 230: Cormier vs. Lewis,UFC 230: Cormier vs. Lewis,,"November 03, 2018"
417,2018-11-10,UFC Fight Night: The Korean Zombie vs. Rodríguez,UFC Fight Night: The Korean Zombie vs. Rodríguez,,"November 10, 2018"
418,2018-11-17,UFC Fight Night: Magny vs. Ponzinibbio,UFC Fight Night: Magny vs. Ponzinibbio,,"November 17, 2018"
419,2018-11-24,UFC Fight Night: Blaydes vs. Ngannou 2,UFC Fight Night: Blaydes vs. Ngannou 2,,"November 24, 2018"
420,2018-11-30,The Ultimate Fighter: Heavy Hitters Finale,The Ultimate Fighter: Heavy Hitters Finale,,"November 30, 2018"
421,2018-12-02,UFC Fight Night: dos Santos vs. Tuivasa,UFC Fight Night: dos Santos vs. Tuivasa,,"December 02, 2018"
422,2018-12-08,UFC 231: Holloway vs. Ortega,UFC 231: Holloway vs. Ortega,,"December 08, 2018"
423,2018-12-15,UFC on Fox: Lee vs. Iaquinta 2,UFC on Fox: Lee vs. Iaquinta 2,,"December 15, 2018"
424,2018-12-29,UFC 232: Jones vs. Gustafsson 2,UFC 232: Jones vs. Gustafsson 2,,"December 29, 2018"
425,2019-01-19,UFC Fight Night: Cejudo vs. Dillashaw,UFC Fight Night: Cejudo vs. Dillashaw,,"January 19, 2019"
426,2019-02-02,UFC Fight Night: Assunção vs. Moraes 2,UFC Fight Night: Assunção vs. Moraes 2,,"February 02, 2019"
427,2019-02-10,UFC 234: Adesanya vs. Silva,UFC 234: Adesanya vs. Silva,,"February 10, 2019"
428,2019-02-17,UFC on ESPN: Ngannou vs. Velasquez,UFC on ESPN: Ngannou vs. Velasquez,,"February 17, 2019"
429,2019-02-23,UFC Fight Night: Błachowicz vs. Santos,UFC Fight Night: Błachowicz vs. Santos,,"February 23, 2019"
430,2019-03-02,UFC 235: Jones vs. Smith,UFC 235: Jones vs. Smith,,"March 02, 2019"
431,2019-03-09,UFC Fight Night: Lewis vs. dos Santos,UFC Fight Night: Lewis vs. dos Santos,,"March 09, 2019"
432,2019-03-16,UFC Fight Night: Till vs. Masvidal,UFC Fight Night: Till vs. Masvidal,,"March 16, 2019"
433,2019-03-23,UFC Fight Night: Thompson vs. Pettis,UFC Fight Night: Thompson vs. Pettis,,"March 23, 2019"
434,2019-03-30,UFC on ESPN: Barboza vs. Gaethje,UFC on ESPN: Barboza vs. Gaethje,,"March 30, 2019"
435,2019-04-13,UFC 236: Holloway vs. Poirier 2,UFC 236: Holloway vs. Poirier 2,,"April 13, 2019"
436,2019-04-20,UFC Fight Night: Overeem vs. Oleinik,UFC Fight Night: Overeem vs. Oleinik,,"April 20, 2019"
437,2019-04-27,UFC Fight Night: Jacaré vs. Hermansson,UFC Fight Night: Jacaré vs. Hermansson,,"April 27, 2019"
438,2019-05-04,UFC Fight Night: Iaquinta vs. Cowboy,UFC Fight Night: Iaquinta vs. Cowboy,,"May 04, 2019"
439,2019-05-11,UFC 237: Namajunas vs. Andrade,UFC 237: Namajunas vs. Andrade,,"May 11, 2019"
440,2019-05-18,UFC Fight Night: dos Anjos vs. Lee,UFC Fight Night: dos Anjos vs. Lee,,"May 18, 2019"
441,2019-06-01,UFC Fight Night: Gustafsson vs. Smith,UFC Fight Night: Gustafsson vs. Smith,,"June 01, 2019"
442,2019-06-08,UFC 238: Cejudo vs. Moraes,UFC 238: Cejudo vs. Moraes,,"June 08, 2019"
443,2019-06-22,UFC Fight Night: Moicano vs. The Korean Zombie,UFC Fight Night: Moicano vs. The Korean Zombie,,"June 22, 2019"
444,2019-06-29,UFC on ESPN: Ngannou vs. dos Santos,UFC on ESPN: Ngannou vs. dos Santos,,"June 29, 2019"
445,2019-07-06,UFC 239: Jones vs. Santos,UFC 239: Jones vs. Santos,,"July 06, 2019"
446,2019-07-13,UFC Fight Night: de Randamie vs. Ladd,UFC Fight Night: de Randamie vs. Ladd,,"July 13, 2019"
447,2019-07-20,UFC on ESPN: dos Anjos vs. Edwards,UFC on ESPN: dos Anjos vs. Edwards,,"July 20, 2019"
448,2019-07-27,UFC 240: Holloway vs. Edgar,UFC 240: Holloway vs. Edgar,,"July 27, 2019"
449,2019-08-03,UFC on ESPN: Covington vs. Lawler,UFC on ESPN: Covington vs. Lawler,,"August 03, 2019"
450,2019-08-10,UFC Fight Night: Shevchenko vs. Carmouche 2,UFC Fight Night: Shevchenko vs. Carmouche 2,,"August 10, 2019"
451,2019-08-17,UFC 241: Cormier vs. Miocic 2,UFC 241: Cormier vs. Miocic 2,,"August 17, 2019"
452,2019-08-31,UFC Fight Night: Andrade vs. Zhang,UFC Fight Night: Andrade vs. Zhang,,"August 31, 2019"
453,2019-09-07,UFC 242: Khabib vs. Poirier,UFC 242: Khabib vs. Poirier,,"September 07, 2019"
454,2019-09-14,UFC Fight Night: Cowboy vs. Gaethje,UFC Fight Night: Cowboy vs. Gaethje,,"September 14, 2019"
455,2019-09-21,UFC Fight Night: Rodríguez vs. Stephens,UFC Fight Night: Rodríguez vs. Stephens,,"September 21, 2019"
456,2019-09-28,UFC Fight Night: Hermansson vs. Cannonier,UFC Fight Night: Hermansson vs. Cannonier,,"September 28, 2019"
457,2019-10-05,UFC 243: Whittaker vs. Adesanya,UFC 243: Whittaker vs. Adesanya,,"October 05, 2019"
458,2019-10-12,UFC Fight Night: Joanna vs. Waterson,UFC Fight Night: Joanna vs. Waterson,,"October 12, 2019"
459,2019-10-18,UFC on ESPN: Reyes vs. Weidman,UFC on ESPN: Reyes vs. Weidman,,"October 18, 2019"
460,2019-10-26,UFC Fight Night: Maia vs. Askren,UFC Fight Night: Maia vs. Askren,,"October 26, 2019"
461,2019-11-02,UFC 244: Masvidal vs. Diaz,UFC 244: Masvidal vs. Diaz,,"November 02, 2019"
462,2019-11-09,UFC Fight Night: Magomedsharipov vs. Kattar,UFC Fight Night: Magomedsharipov vs. Kattar,,"November 09, 2019"
463,2019-11-16,UFC Fight Night: Błachowicz vs. Jacaré,UFC Fight Night: Błachowicz vs. Jacaré,,"November 16, 2019"
464,2019-12-07,UFC on ESPN: Overeem vs. Rozenstruik,UFC on ESPN: Overeem vs. Rozenstruik,,"December 07, 2019"
465,2019-12-14,UFC 245: Usman vs. Covington,UFC 245: Usman vs. Covington,,"December 14, 2019"
466,2019-12-21,UFC Fight Night: Edgar vs. The Korean Zombie,UFC Fight Night: Edgar vs. The Korean Zombie,,"December 21, 2019"
467,2020-01-18,UFC 246: McGregor vs. Cowboy,UFC 246: McGregor vs. Cowboy,,"January 18, 2020"
468,2020-01-25,UFC Fight Night: Blaydes vs. dos Santos,UFC Fight Night: Blaydes vs. dos Santos,,"January 25, 2020"
469,2020-02-08,UFC 247: Jones vs. Reyes,UFC 247: Jones vs. Reyes,,"February 08, 2020"
470,2020-02-15,UFC Fight Night: Anderson vs. Błachowicz 2,UFC Fight Night: Anderson vs. Błachowicz 2,,"February 15, 2020"
471,2020-02-23,UFC Fight Night: Felder vs. Hooker,UFC Fight Night: Felder vs. Hooker,,"February 23, 2020"
472,2020-02-29,UFC Fight Night: Benavidez vs. Figueiredo,UFC Fight Night: Benavidez vs. Figueiredo,,"February 29, 2020"
473,2020-03-07,UFC 248: Adesanya vs. Romero,UFC 248: Adesanya vs. Romero,,"March 07, 2020"
474,2020-03-14,UFC Fight Night: Lee vs. Oliveira,UFC Fight Night: Lee vs. Oliveira,,"March 14, 2020"
475,2020-05-09,UFC 249 Ferguson vs. Gaethje,UFC 249 Ferguson vs. Gaethje,,"May 09, 2020"
